{
  "metrics": {
    "accuracy": 0.8625,
    "precision": 0.8873812754409769,
    "recall": 0.960352422907489,
    "f1": 0.922425952045134,
    "roc_auc": 0.8525833240785301,
    "brier_score": 0.0978925119240307
  },
  "classification_report": {
    "0": {
      "precision": 0.5714285714285714,
      "recall": 0.3025210084033613,
      "f1-score": 0.3956043956043956,
      "support": 119.0
    },
    "1": {
      "precision": 0.8873812754409769,
      "recall": 0.960352422907489,
      "f1-score": 0.922425952045134,
      "support": 681.0
    },
    "accuracy": 0.8625,
    "macro avg": {
      "precision": 0.7294049234347741,
      "recall": 0.6314367156554251,
      "f1-score": 0.6590151738247648,
      "support": 800.0
    },
    "weighted avg": {
      "precision": 0.8403833107191316,
      "recall": 0.8625,
      "f1-score": 0.8440612455245742,
      "support": 800.0
    }
  },
  "confusion_matrix": [
    [
      36,
      83
    ],
    [
      27,
      654
    ]
  ]
}